x,y,area,mean_intensity
194.97142857142856,201.34285714285716,140.0,-230.43571428571428
194.25903614457832,229.97590361445782,166.0,-169.66265060240963
181.71428571428572,223.14285714285714,7.0,-313.2857142857143
201.45434543454346,268.84158415841586,909.0,-43.21672167216722
235.1818181818182,292.1818181818182,11.0,-245.36363636363637
195.76470588235293,308.29411764705884,17.0,-368.0
