x,y,area,mean_intensity
318.1978021978022,225.45054945054946,91.0,-249.1978021978022
328.70652173913044,286.0652173913044,92.0,-209.77173913043478
187.55555555555554,309.25,72.0,-317.7638888888889
